{
  "test_r2": 0.7738887441938533,
  "test_rmse": 0.5443328206986048,
  "test_mae": 0.3662886597980551,
  "test_mape": 21.576565707780908,
  "test_mse": 0.29629821968969944
}